Rack 11 U19,fsitgl-bgfs19p,Rack 10,FP-8560-E1901-10-LEAF-C 1:27
Rack 10,FP-8560-E1901-10-LEAF-C 1:27,Rack 11 U19,fsitgl-bgfs19p
Rack 11 U19,fsitgl-bgfs19p,Rack 10,FP-8560-E1901-10-LEAF-D 1:27
Rack 10,FP-8560-E1901-10-LEAF-D 1:27,Rack 11 U19,fsitgl-bgfs19p
Rack 11 U19,fsitgm-bgfs19p,Rack 10,fp-8560-e1901-10-dcs-1 4:8
Rack 10,fp-8560-e1901-10-dcs-1 4:8,Rack 11 U19,fsitgm-bgfs19p
Rack 11 U21,fsitgl-bgfs20p,Rack 10,FP-8560-E1901-10-LEAF-C 1:28
Rack 10,FP-8560-E1901-10-LEAF-C 1:28,Rack 11 U21,fsitgl-bgfs20p
Rack 11 U21,fsitgl-bgfs20p,Rack 10,FP-8560-E1901-10-LEAF-D 1:28
Rack 10,FP-8560-E1901-10-LEAF-D 1:28,Rack 11 U21,fsitgl-bgfs20p
Rack 11 U21,fsitgm-bgfs20p,Rack 10,fp-8560-e1901-10-dcs-1 4:9
Rack 10,fp-8560-e1901-10-dcs-1 4:9,Rack 11 U21,fsitgm-bgfs20p
Rack 11 U26,fsitgl-bgfs21p,Rack 10,FP-8560-E1901-10-LEAF-C 1:29
Rack 10,FP-8560-E1901-10-LEAF-C 1:29,Rack 11 U26,fsitgl-bgfs21p
Rack 11 U26,fsitgl-bgfs21p,Rack 10,FP-8560-E1901-10-LEAF-D 1:29
Rack 10,FP-8560-E1901-10-LEAF-D 1:29,Rack 11 U26,fsitgl-bgfs21p
Rack 11 U26,fsitgm-bgfs21p,Rack 10,fp-8560-e1901-10-dcs-1 4:10
Rack 10,fp-8560-e1901-10-dcs-1 4:10,Rack 11 U26,fsitgm-bgfs21p
Rack 11 U36,fsitgl-bgfs22p,Rack 10,FP-8560-E1901-10-LEAF-C 1:30
Rack 10,FP-8560-E1901-10-LEAF-C 1:30,Rack 11 U36,fsitgl-bgfs22p
Rack 11 U36,fsitgl-bgfs22p,Rack 10,FP-8560-E1901-10-LEAF-D 1:30
Rack 10,FP-8560-E1901-10-LEAF-D 1:30,Rack 11 U36,fsitgl-bgfs22p
Rack 11 U36,fsitgm-bgfs22p,Rack 10,fp-8560-e1901-10-dcs-1 4:11
Rack 10,fp-8560-e1901-10-dcs-1 4:11,Rack 11 U36,fsitgm-bgfs22p
Rack 20 U26,fsitgl-bgfs23p,Rack 25,FP-8560-e1901-25-Leaf-C 1:1
Rack 25,FP-8560-e1901-25-Leaf-C 1:1,Rack 20 U26,fsitgl-bgfs23p
Rack 20 U26,fsitgl-bgfs23p,Rack 25,FP-8560-e1901-25-Leaf-D 1:1
Rack 25,FP-8560-e1901-25-Leaf-D 1:1,Rack 20 U26,fsitgl-bgfs23p
Rack 20 U26,fsitgm-bgfs23p,Rack 25,FP-8560-e1901-25-DCS-1 2:35
Rack 25,FP-8560-e1901-25-DCS-1 2:35,Rack 20 U26,fsitgm-bgfs23p
Rack 20 U28,fsitgl-bgfs24p,Rack 25,FP-8560-e1901-25-Leaf-C 1:2
Rack 25,FP-8560-e1901-25-Leaf-C 1:2,Rack 20 U28,fsitgl-bgfs24p
Rack 20 U28,fsitgl-bgfs24p,Rack 25,FP-8560-e1901-25-Leaf-D 1:2
Rack 25,FP-8560-e1901-25-Leaf-D 1:2,Rack 20 U28,fsitgl-bgfs24p
Rack 20 U28,fsitgm-bgfs24p,Rack 25,FP-8560-e1901-25-DCS-1 2:36
Rack 25,FP-8560-e1901-25-DCS-1 2:36,Rack 20 U28,fsitgm-bgfs24p
Rack 20 U30,fsitgl-bgfs25p,Rack 25,FP-8560-e1901-25-Leaf-C 1:3
Rack 25,FP-8560-e1901-25-Leaf-C 1:3,Rack 20 U30,fsitgl-bgfs25p
Rack 20 U30,fsitgl-bgfs25p,Rack 25,FP-8560-e1901-25-Leaf-D 1:3
Rack 25,FP-8560-e1901-25-Leaf-D 1:3,Rack 20 U30,fsitgl-bgfs25p
Rack 20 U30,fsitgm-bgfs25p,Rack 25,FP-8560-e1901-25-DCS-1 2:37
Rack 25,FP-8560-e1901-25-DCS-1 2:37,Rack 20 U30,fsitgm-bgfs25p
Rack 20 U36,fsitgl-bgfs26p,Rack 25,FP-8560-e1901-25-Leaf-C 1:4
Rack 25,FP-8560-e1901-25-Leaf-C 1:4,Rack 20 U36,fsitgl-bgfs26p
Rack 20 U36,fsitgl-bgfs26p,Rack 25,FP-8560-e1901-25-Leaf-D 1:4
Rack 25,FP-8560-e1901-25-Leaf-D 1:4,Rack 20 U36,fsitgl-bgfs26p
Rack 20 U36,fsitgm-bgfs26p,Rack 25,FP-8560-e1901-25-DCS-1 2:38
Rack 25,FP-8560-e1901-25-DCS-1 2:38,Rack 20 U36,fsitgm-bgfs26p
Rack 28 U25,fsitgl-bgfs27p,Rack 25,FP-8560-e1901-25-Leaf-C 1:5
Rack 25,FP-8560-e1901-25-Leaf-C 1:5,Rack 28 U25,fsitgl-bgfs27p
Rack 28 U25,fsitgl-bgfs27p,Rack 25,FP-8560-e1901-25-Leaf-D 1:5
Rack 25,FP-8560-e1901-25-Leaf-D 1:5,Rack 28 U25,fsitgl-bgfs27p
Rack 28 U25,fsitgm-bgfs27p,Rack 25,FP-8560-e1901-25-DCS-1 2:39
Rack 25,FP-8560-e1901-25-DCS-1 2:39,Rack 28 U25,fsitgm-bgfs27p
Rack 28 U35,fsitgl-bgfs28p,Rack 25,FP-8560-e1901-25-Leaf-C 1:6
Rack 25,FP-8560-e1901-25-Leaf-C 1:6,Rack 28 U35,fsitgl-bgfs28p
Rack 28 U35,fsitgl-bgfs28p,Rack 25,FP-8560-e1901-25-Leaf-D 1:6
Rack 25,FP-8560-e1901-25-Leaf-D 1:6,Rack 28 U35,fsitgl-bgfs28p
Rack 28 U35,fsitgm-bgfs28p,Rack 25,FP-8560-e1901-25-DCS-1  2:40
Rack 25,FP-8560-e1901-25-DCS-1  2:40,Rack 28 U35,fsitgm-bgfs28p
Rack E84 U26,fsitgl-bgfs15p,Rack E69,RS-9609-TE21-E72-LEAF-A 1:46
Rack E69,RS-9609-TE21-E72-LEAF-A 1:46,Rack E84 U26,fsitgl-bgfs15p
Rack E84 U26,fsitgl-bgfs15p,Rack E69,RS-9609-TE21-E72-LEAF-B 1:46
Rack E69,RS-9609-TE21-E72-LEAF-B 1:46,Rack E84 U26,fsitgl-bgfs15p
Rack E84 U26,fsitgm-bgfs15p,Rack E81,RS-9609-TE21-E81-DCS-1 1:10
Rack E81,RS-9609-TE21-E81-DCS-1 1:10,Rack E84 U26,fsitgm-bgfs15p
Rack 6 U5,fsitgl-bgfs16p,Rack 6,FP-8560-E1901-6-leaf-a 1:20
Rack 6,FP-8560-E1901-6-leaf-a 1:20,Rack 6 U5,fsitgl-bgfs16p
Rack 6 U5,fsitgl-bgfs16p,Rack 6,FP-8560-E1901-6-leaf-b 1:20
Rack 6,FP-8560-E1901-6-leaf-b 1:20,Rack 6 U5,fsitgl-bgfs16p
Rack 6 U5,fsitgm-bgfs16p,Rack 6,FP-8560-E1901-6-DCS-SW1 2:44
Rack 6,FP-8560-E1901-6-DCS-SW1 2:44,Rack 6 U5,fsitgm-bgfs16p
Rack 6 U15,fsitgl-bgfs17p,Rack 6,FP-8560-E1901-6-leaf-a 1:21
Rack 6,FP-8560-E1901-6-leaf-a 1:21,Rack 6 U15,fsitgl-bgfs17p
Rack 6 U15,fsitgl-bgfs17p,Rack 6,FP-8560-E1901-6-leaf-b 1:21
Rack 6,FP-8560-E1901-6-leaf-b 1:21,Rack 6 U15,fsitgl-bgfs17p
Rack 6 U15,fsitgm-bgfs17p,Rack 6,FP-8560-E1901-6-DCS-SW1 2:45
Rack 6,FP-8560-E1901-6-DCS-SW1 2:45,Rack 6 U15,fsitgm-bgfs17p
Rack 6 U21,fsitgl-bgfs17p,Rack 6,FP-8560-E1901-6-leaf-a 1:22
Rack 6,FP-8560-E1901-6-leaf-a 1:22,Rack 6 U21,fsitgl-bgfs17p
Rack 6 U21,fsitgl-bgfs17p,Rack 6,FP-8560-E1901-6-leaf-b 1:22
Rack 6,FP-8560-E1901-6-leaf-b 1:22,Rack 6 U21,fsitgl-bgfs17p
Rack 6 U21,fsitgm-bgfs17p,Rack 6,FP-8560-E1901-6-DCS-SW1 2:46
Rack 6,FP-8560-E1901-6-DCS-SW1 2:46,Rack 6 U21,fsitgm-bgfs17p
